trigram,n
one of the,2835
a lot of,2365
to be a,1403
going to be,1299
thanks for the,1256
it was a,1230
the end of,1205
as well as,1195
some of the,1188
out of the,1176
i want to,1116
be able to,1093
part of the,968
i have a,890
the rest of,882
a couple of,869
i have to,845
this is a,830
the first time,824
there is a,774
the fact that,768
is going to,754
end of the,742
you have to,735
one of my,725
this is the,715
it is a,711
in the first,696
you want to,690
looking forward to,685
a a a,680
for the first,679
i need to,673
is one of,672
all of the,669
at the end,667
to have a,665
it would be,655
in the world,645
most of the,634
thank you for,630
i had to,622
according to the,621
in front of,616
there is no,609
i don't know,587
i have been,587
the united states,585
back to the,576
if you are,571
rest of the,571
to go to,571
to be the,557
i wanted to,551
to make a,551
was going to,540
in order to,539
when i was,532
as much as,512
i had a,512
of the year,512
i'm going to,497
have to be,495
i love you,495
i think i,493
at the same,491
are going to,489
of the most,483
the same time,481
want to be,481
you have a,480
we need to,479
a bit of,472
there was a,472
at the time,467
it will be,467
to see the,466
in the middle,465
a little bit,463
of the day,463
it was the,461
to do with,460
i am not,454
can't wait to,453
would like to,452
you need to,452
in the past,448
if you have,443
one of those,435
to make it,432
to get a,428
i will be,426
more than  ,419
not going to,419
and it was,418
i feel like,408
if you want,407
would be a,404
side of the,400
to get the,397
the number of,394
i don't think,392
the middle of,388
because of the,386
and i have,384
it is not,383
more than a,381
don't want to,378
to be in,377
for the follow,376
in the same,376
have a great,374
that it was,374
as long as,373
when it comes,370
all the time,368
to make the,368
a chance to,367
but it was,365
on the other,365
a long time,360
that i have,358
is not a,357
let me know,357
what do you,357
of the world,356
in the last,355
need to be,355
we have a,352
has been a,351
to make sure,351
for me to,349
up in the,348
would have been,346
a number of,343
that i was,343
to do it,343
up to the,343
in my life,342
i am a,341
i was a,341
will be a,341
and i was,340
i decided to,340
it is the,340
of the best,340
to take a,340
was able to,340
it comes to,339
it has been,339
we have to,338
in the morning,337
go to the,335
the top of,335
i would have,333
there will be,333
i have no,332
seems to be,332
the university of,332
in new york,330
as part of,329
at a time,328
i wish i,328
that would be,328
a part of,327
said in a,326
i know i,325
do you think,323
to see you,323
a way to,322
to be able,321
as soon as,319
i think it,318
that i am,318
and i am,315
for a while,315
but it is,314
was one of,314
a he said,311
for a few,311
i love the,308
is in the,308
to say that,304
a few days,303
i hope you,302
this is not,299
top of the,299
will have to,299
for the next,297
many of the,297
on top of,296
going to have,295
i am so,295
in addition to,295
look forward to,294
so i can,293
a bunch of,292
in the second,290
look at the,290
there was no,290
and in the,289
i was in,289
and it is,288
in the end,285
would love to,285
as a result,284
i know that,284
you can see,284
at this point,283
that it is,281
i think the,280
will be the,277
i went to,276
we had a,275
to get to,273
in terms of,272
members of the,272
in love with,270
up with a,270
and i think,269
was in the,269
he was a,268
the kind of,268
the opportunity to,268
percent of the,267
and a half,266
a series of,264
do you have,264
i used to,264
if you don't,264
of the season,264
by the time,263
to try to,263
of the new,262
part of a,262
but i have,260
away from the,259
have to do,259
in the future,259
went to the,259
back in the,258
that he was,258
to see what,257
all over the,256
of my favorite,256
the back of,256
looking for a,253
be sure to,252
is the best,251
the idea of,251
the new york,250
how do you,249
a group of,248
all the way,248
over the past,248
to look at,247
what to do,246
a little more,245
on the way,245
i don't have,244
is a great,244
the bottom of,244
a few years,243
come up with,243
i can't wait,243
i was going,242
is that the,242
supposed to be,242
but i think,240
i think that,240
is a good,240
out in the,240
to find a,240
wait to see,240
in the city,239
i don't want,238
what are you,238
he said he,236
of all the,236
said he was,236
the beginning of,236
was the first,236
be in the,235
i got a,235
is expected to,235
that i had,235
i do not,234
trying to get,234
over the years,233
and of course,232
front of the,232
i would like,232
it can be,232
it in the,232
to figure out,232
in the u s,231
as far as,230
of my life,230
up on the,230
a few weeks,229
according to a,229
had a great,229
he said a,229
know how to,229
member of the,229
you know what,229
a pair of,228
need to get,228
go back to,227
i am going,227
the name of,227
to work with,227
we want to,227
when he was,227
by the way,226
it to the,226
to keep the,226
have been a,225
in a statement,225
it's going to,225
the ability to,225
would have to,225
has to be,224
i thought i,224
needs to be,224
we will be,224
but i am,223
such as the,223
check out the,222
i like to,222
is not the,222
used to be,221
of the time,220
to find out,220
to talk to,220
to do the,219
for all the,218
much of the,218
to have to,218
going to get,217
you so much,217
that i can,216
for more than,215
there are a,215
want to go,215
am going to,214
in the united,214
out of my,214
to deal with,214
a great day,213
that they are,213
want to do,213
a variety of,212
have a good,212
i think it's,212
one of them,212
around the world,211
for the rt,210
of the first,210
is on the,209
on the road,209
the only one,209
the same thing,209
director of the,208
half of the,208
no matter how,208
by the end,207
that there is,207
the next day,207
get out of,206
i would be,206
that is the,206
to do a,206
want to see,206
the amount of,205
to see if,205
a lot more,204
been able to,204
president of the,204
the way to,204
this is what,204
to create a,204
a piece of,203
be a good,203
don't have to,203
had to be,203
the only thing,202
wish i could,202
as it is,201
i did not,201
in the country,201
to take the,201
if you can,200
is the first,200
the other hand,200
in the next,199
middle of the,199
that we are,199
based on the,198
going to the,198
said it was,198
so much for,198
at least one,197
at the top,197
being able to,197
check it out,197
have to say,197
may not be,197
no matter what,197
of the week,197
to talk about,197
to use the,197
in the house,196
new york city,196
a few of,195
is the only,195
over the last,195
to all the,195
to do that,195
and i will,194
how are you,194
i love it,194
that was a,194
the last time,194
the other side,194
have to go,193
the use of,193
to see how,193
well as the,193
going to do,192
i'm not sure,192
in the early,192
the time to,192
will not be,192
are in the,191
i need a,191
the story of,191
with all the,191
that you can,190
the size of,190
at the moment,189
due to the,189
i can do,189
in the back,189
is the most,189
you for the,189
for a long,188
more and more,188
that is a,188
to get out,188
to have the,188
was a little,188
a bit more,187
and if you,187
any of the,187
have no idea,187
in my head,187
the people who,187
to see a,187
and this is,186
for the last,186
i thought it,186
on the floor,186
a result of,185
the white house,185
you can get,185
a member of,184
the best of,184
and you can,183
down to the,183
the same way,183
to do so,183
to get my,183
a year ago,182
he is a,182
i think we,182
if youa re,182
in the state,182
of the house,182
one of his,182
seem to be,182
take care of,182
the cost of,182
to do this,182
in a few,181
for the rest,180
of the other,180
i was able,179
the most important,179
can be a,178
out to be,178
the city of,178
there are no,178
up with the,178
you don't have,178
bit of a,177
i have the,177
of the game,177
that we have,177
and then i,176
i love my,176
just want to,176
a sense of,175
he said the,175
that this is,175
to work on,175
a picture of,174
can't wait for,174
to think about,174
you can do,174
for you to,173
i can get,173
in the air,173
you know that,173
you will be,173
a few minutes,172
i was just,172
over the next,172
that i would,172
there are many,172
we have been,172
a good thing,171
and i had,171
in the area,171
is a very,171
thank you so,171
that will be,171
this was a,171
and that is,170
i'd like to,170
i had the,170
in a way,170
some of my,170
they want to,170
a great time,169
do you know,169
in the face,169
of the people,169
thanks for following,169
that there are,169
the side of,169
up for the,169
along with the,168
for those who,168
in the way,168
the start of,168
to be an,168
all of us,167
could have been,167
in the case,167
it was just,167
people in the,167
thought it was,167
what kind of,167
and one of,166
for all of,166
for the past,166
in the third,166
more of a,166
of the state,166
to pay for,166
would be the,166
a matter of,165
and all the,165
i got to,165
i try to,165
in a row,165
in the process,165
it should be,165
lot of people,165
over and over,165
the age of,165
was a good,165
and there are,164
don't know what,164
feel free to,164
i wonder if,164
in one of,164
the last few,164
the other day,164
to get it,164
what it is,164
all of my,163
be on the,163
day of the,163
in the th,163
to be more,163
to go back,163
a list of,162
that i could,162
the chance to,162
the last two,162
was on the,162
will continue to,162
as one of,161
at one point,161
but i do,161
have a lot,161
i would love,161
it was so,161
of the same,161
that can be,161
the right to,161
to all of,161
to tell you,161
he had a,160
it to be,160
looks like a,160
on the ground,160
that was the,160
that you are,160
you are a,160
and the other,159
but in the,159
it looks like,159
out of a,159
thanks so much,159
the course of,159
there are some,159
this is my,159
at the university,158
first time in,158
for some reason,158
just a few,158
on to the,158
or at least,158
that he had,158
the time i,158
we're going to,158
bottom of the,157
every time i,157
for more information,157
i was so,157
is trying to,157
the first place,157
the power of,157
the state of,157
at some point,156
but i don't,156
but i was,156
if i could,156
not to mention,156
one of our,156
that he is,156
they are not,156
have to get,155
known as the,155
of course the,155
on how to,155
the majority of,155
want to get,155
a look at,154
get to the,154
out to the,154
the importance of,154
the way i,154
to the point,154
all of them,153
all of this,153
i had no,153
is to be,153
of course i,153
people who are,153
thank you to,153
the point of,153
to do something,153
want to know,153
way to the,153
a good time,152
i could have,152
i just want,152
it would have,152
they have a,152
to pick up,152
to see it,152
and they are,151
the death of,151
the federal government,151
as you can,150
for a new,150
just have to,150
on my way,150
the first half,150
the time of,150
was a great,150
and i know,149
at least a,149
get back to,149
i i i,149
it could be,149
it on the,149
of the night,149
out on the,149
some kind of,149
there have been,149
to listen to,149
to the public,149
but there is,148
it's time to,148
to be on,148
to check out,148
and that the,147
he has a,147
i tried to,147
it was not,147
need to do,147
up and down,147
will be in,147
but if you,146
had no idea,146
that is not,146
because it is,145
do not have,145
on the back,145
the lack of,145
this was the,145
to come to,145
to get back,145
we had to,145
and i just,144
and i love,144
it's hard to,144
sounds like a,144
the only way,144
a time when,143
here are some,143
in the car,143
the history of,143
this is an,143
time to get,143
to me and,143
and have a,142
feel like i,142
i like the,142
if you do,142
in the new,142
them in the,142
to the next,142
want to make,142
and i don't,141
because they are,141
if i had,141
if it is,141
in recent years,141
little bit of,141
will be able,141
a few more,140
across the country,140
are a few,140
i miss you,140
make sure you,140
one of these,140
so you can,140
that they were,140
that you have,140
we are going,140
when you are,140
will have a,140
and we are,139
for the day,139
here is a,139
is part of,139
it may be,139
so much more,139
the st louis,139
to do is,139
was trying to,139
what is the,139
you can find,139
as i was,138
didn't want to,138
how much i,138
is a little,138
it as a,138
so much fun,138
the face of,138
the past few,138
think about it,138
wanted to be,138
you have the,138
and there is,137
as good as,137
in the game,137
know what to,137
of one of,137
that kind of,137
the process of,137
they have to,137
to become a,137
to focus on,137
was supposed to,137
whether or not,137
a great deal,136
a lot to,136
of the book,136
to one of,136
to watch the,136
two years ago,136
a handful of,135
are trying to,135
for me i,135
i love that,135
if you like,135
m going to,135
me and i,135
parts of the,135
the world is,135
they need to,135
while i was,135
all of you,134
back on the,134
i think this,134
if i can,134
is just a,134
just a little,134
let us know,134
much as i,134
not to be,134
that has been,134
there is nothing,134
when i get,134
a good day,133
appears to be,133
for the most,133
it might be,133
that there was,133
which is a,133
you're going to,133
a this is,132
able to get,132
each of the,132
for us to,132
i get a,132
i have never,132
i know it,132
is what i,132
may have been,132
on the right,132
the need to,132
to know that,132
up in a,132
a good idea,131
going to make,131
i can't believe,131
of the city,131
thanks to the,131
that it would,131
that she was,131
to be done,131
to get in,131
to know what,131
who has been,131
would not be,131
you are not,131
you get a,131
because it was,130
did you know,130
do you want,130
get rid of,130
i had been,130
in which the,130
know that i,130
of the way,130
on the side,130
ready for the,130
that we can,130
the form of,130
the second half,130
we are all,130
a few hours,129
a man who,129
a she said,129
and i are,129
and will be,129
black and white,129
close to the,129
is also a,129
just wanted to,129
of a new,129
the edge of,129
two of the,129
when it was,129
a few months,128
all of our,128
are you doing,128
come to the,128
could be a,128
has not been,128
i have had,128
i should have,128
if you were,128
in other words,128
in this case,128
it was an,128
like to see,128
the department of,128
were able to,128
a total of,127
but they are,127
had to do,127
he has been,127
if i was,127
it's been a,127
to find the,127
we went to,127
working on a,127
and a few,126
back of the,126
he wanted to,126
here is the,126
i am in,126
i don't like,126
is a lot,126
not want to,126
on the internet,126
on the same,126
out of it,126
to go with,126
wait for the,126
you and your,126
along the way,125
and his wife,125
for a couple,125
he said i,125
him in the,125
i have not,125
is such a,125
it makes me,125
of the things,125
place in the,125
the next few,125
those of you,125
time in the,125
were going to,125
a fan of,124
but this is,124
for at least,124
he wants to,124
i made a,124
i took a,124
in a small,124
in a while,124
in st louis,124
me in the,124
to be honest,124
told me that,124
we are not,124
and he was,123
be a great,123
don't know if,123
even though i,123
i needed to,123
if you dona,123
of the a,123
should be a,123
so if you,123
the first round,123
the quality of,123
a great weekend,122
a ton of,122
be one of,122
don't have a,122
hope to see,122
i love this,122
less than a,122
more than the,122
not in the,122
nothing to do,122
some sort of,122
the best way,122
the things that,122
this is one,122
to get some,122
to the new,122
  million in,121
are so many,121
at the beginning,121
but there are,121
had a good,121
i am sure,121
in los angeles,121
part of my,121
please follow me,121
right now i,121
said a i,121
the heart of,121
to see that,121
was the only,121
a trip to,120
and i can,120
back and forth,120
give me a,120
i can see,120
in the meantime,120
it is to,120
only a few,120
out how to,120
the center of,120
the same as,120
the sound of,120
to go out,120
to have been,120
what i was,120
with a few,120
