word,n
the,385421
a,228141
to,216723
and,200174
of,165519
in,130879
i,126025
that,83988
is,83001
for,82818
it,71784
you,64532
on,62363
with,56851
was,51331
my,45352
this,43492
at,43290
be,41666
have,41327
as,40394
but,38563
are,37957
he,34667
we,33207
not,32080
from,30872
so,29071
all,26253
me,26069
they,25900
by,25605
or,25414
his,24868
will,24182
said,23733
one,23705
an,23650
up,22865
about,22817
out,22491
just,21806
your,21014
has,20949
if,20949
what,20924
when,20402
like,19862
who,19495
more,19172
had,18935
can,18760
do,17987
her,17676
time,17522
their,17087
there,16717
she,16444
get,16336
would,16288
some,16186
no,15192
been,14997
were,14780
our,14683
new,14198
now,13239
them,13214
how,13164
it's,12667
 ,12366
good,12293
which,12229
day,12179
people,12165
know,11593
i'm,11509
first,11336
than,11195
into,11178
also,10916
year,10762
after,10754
back,10701
love,10558
other,10536
over,10189
then,10147
make,10134
only,10089
two,9998
see,9968
because,9934
go,9849
its,9652
last,9613
him,9599
think,9351
much,9278
going,9202
could,8999
us,8969
even,8848
well,8836
way,8800
really,8752
don't,8474
too,8369
great,8234
work,8002
am,7884
did,7867
got,7774
off,7749
still,7716
want,7675
most,7662
very,7627
years,7608
right,7578
where,7559
here,7485
many,7390
any,7310
those,7199
before,7176
today,7090
these,7038
down,7018
need,6992
little,6980
being,6935
made,6922
life,6831
take,6564
home,6485
while,6443
say,6433
through,6377
should,6367
may,6266
never,6043
things,6001
come,5977
week,5962
next,5724
best,5707
something,5665
around,5602
school,5505
why,5462
thanks,5388
long,5366
state,5331
another,5281
every,5272
world,5243
night,5241
three,5238
few,5099
old,5044
game,5041
always,4960
look,4922
since,4868
ita,4828
better,4775
same,4745
such,4719
big,4668
again,4603
show,4543
city,4528
that's,4527
own,4517
use,4422
man,4410
rt,4362
feel,4360
thing,4335
find,4323
each,4268
both,4245
help,4235
place,4233
high,4219
sure,4208
lot,4171
until,4137
days,4114
happy,4108
part,4088
can't,4076
family,4062
put,4039
says,4036
keep,4011
house,4004
does,3987
m,3946
ever,3918
end,3914
book,3898
though,3893
lol,3877
getting,3854
used,3851
team,3806
hope,3759
give,3733
might,3691
away,3679
doing,3643
i've,3627
during,3569
left,3555
went,3527
let,3525
didn't,3505
looking,3503
found,3498
free,3477
season,3445
play,3439
thought,3409
th,3361
without,3353
start,3314
done,3310
enough,3298
came,3286
against,3285
second,3241
between,3236
god,3222
having,3221
money,3221
dona,3207
follow,3205
once,3196
top,3185
told,3184
making,3183
hard,3172
friends,3168
you're,3159
st,3138
everyone,3134
times,3124
morning,3106
point,3101
took,3093
yet,3086
story,3078
re,3061
set,3059
different,3052
read,3044
four,3040
under,3022
million,3017
real,3015
someone,3009
run,3007
oh,3002
tell,3001
fun,2965
call,2957
thank,2954
called,2947
already,2945
working,2927
public,2925
yes,2915
food,2912
percent,2910
live,2896
bad,2894
pretty,2892
makes,2829
try,2828
must,2825
post,2823
actually,2817
everything,2803
tonight,2792
trying,2774
bit,2757
small,2741
police,2726
kids,2717
music,2700
job,2692
least,2688
coming,2681
room,2680
head,2678
started,2674
please,2670
far,2655
children,2652
together,2644
business,2625
later,2619
nothing,2611
course,2602
open,2586
anything,2583
wanted,2582
water,2577
maybe,2565
county,2554
full,2552
ago,2537
ve,2537
white,2533
person,2522
kind,2515
believe,2514
half,2514
i'll,2496
name,2493
able,2487
early,2468
past,2466
stop,2463
change,2459
group,2455
nice,2441
side,2434
wait,2423
five,2416
he's,2415
month,2407
less,2406
myself,2405
weekend,2383
including,2372
minutes,2370
case,2362
company,2359
soon,2336
care,2332
blog,2318
friday,2318
win,2309
along,2279
others,2275
u s,2246
we're,2234
however,2231
center,2223
often,2223
news,2212
hours,2205
almost,2202
law,2200
doesn't,2199
line,2193
american,2188
probably,2188
saw,2185
talk,2181
friend,2172
young,2171
asked,2167
heart,2167
mind,2166
anyone,2163
party,2149
black,2148
whole,2144
local,2141
support,2133
months,2128
hit,2121
fact,2118
using,2118
several,2116
girl,2111
check,2109
president,2104
idea,2096
become,2084
number,2081
government,2071
add,2065
car,2065
seen,2065
weeks,2057
comes,2056
ready,2056
class,2054
taking,2052
face,2046
office,2041
women,2014
p m,2012
guys,2006
health,1992
there's,1992
according,1990
games,1989
plan,1978
cut,1974
remember,1968
watch,1961
quite,1958
tomorrow,1956
mean,1952
lost,1946
twitter,1942
power,1940
area,1933
true,1930
students,1927
country,1921
else,1921
forward,1917
instead,1915
finally,1913
national,1909
pay,1905
late,1902
favorite,1900
close,1867
amazing,1856
court,1855
sometimes,1855
summer,1855
couple,1852
hand,1844
information,1842
red,1842
watching,1841
community,1840
hear,1840
based,1838
saturday,1831
movie,1830
bring,1828
important,1828
playing,1825
youa,1815
guy,1812
street,1812
beautiful,1811
share,1810
former,1802
seems,1802
writing,1799
running,1796
sunday,1794
move,1791
leave,1788
stay,1783
road,1766
series,1766
needs,1763
word,1760
behind,1757
thinking,1755
experience,1753
saying,1753
park,1747
service,1744
system,1741
ask,1738
monday,1738
special,1738
books,1730
looks,1724
means,1724
third,1720
cool,1716
awesome,1713
whether,1712
list,1705
men,1705
miss,1705
following,1703
john,1701
outside,1699
project,1690
knew,1688
light,1680
reading,1680
film,1679
hey,1677
words,1673
program,1672
turn,1672
either,1670
reason,1666
rather,1665
stuff,1662
w,1654
easy,1653
short,1652
decided,1648
six,1646
art,1645
given,1639
order,1639
across,1637
members,1633
future,1632
university,1632
front,1631
beer,1628
large,1621
board,1620
woman,1620
college,1618
problem,1617
needed,1613
child,1611
social,1606
baby,1602
april,1599
deal,1598
ll,1597
thata,1595
buy,1590
wish,1589
im,1588
mother,1587
especially,1586
gets,1583
feeling,1579
market,1577
building,1576
felt,1576
question,1575
heard,1573
phone,1573
history,1572
known,1572
event,1566
yeah,1560
didna,1559
wrong,1559
body,1556
rest,1555
hot,1549
perfect,1542
york,1541
enjoy,1533
hour,1530
wasn't,1529
excited,1528
gave,1528
although,1525
green,1525
birthday,1524
living,1524
single,1524
isn't,1522
i'd,1518
song,1516
taken,1516
mom,1515
parents,1512
points,1509
matter,1508
south,1508
they're,1508
write,1503
pm,1498
bill,1496
meet,1493
thursday,1491
among,1483
goes,1483
death,1481
final,1479
mr,1473
self,1470
states,1470
moment,1461
eat,1456
within,1449
added,1446
haha,1445
possible,1444
process,1442
chance,1435
played,1432
fall,1430
card,1429
north,1427
e,1426
lead,1425
federal,1424
talking,1424
video,1423
sweet,1422
san,1419
hate,1418
store,1418
march,1412
near,1411
officials,1408
church,1404
visit,1401
available,1400
town,1395
media,1393
fire,1390
meeting,1381
level,1380
pick,1377
spent,1375
tuesday,1375
tried,1373
girls,1372
report,1368
turned,1367
inside,1366
what's,1357
director,1356
paper,1354
starting,1354
coach,1353
tax,1352
sleep,1349
spring,1346
loved,1343
walk,1342
age,1341
wea,1341
learn,1339
space,1339
wants,1339
gonna,1333
district,1328
lives,1327
general,1326
b,1325
major,1325
works,1324
guess,1323
son,1323
ok,1320
looked,1319
west,1319
drive,1318
sense,1316
boy,1313
challenge,1313
department,1309
gone,1305
wednesday,1305
won't,1302
per,1298
understand,1297
break,1295
middle,1295
happen,1294
issue,1292
round,1291
online,1290
air,1289
takes,1289
players,1288
worked,1286
himself,1280
shot,1278
fans,1274
human,1274
father,1273
field,1273
above,1272
recently,1272
happened,1263
record,1263
tv,1263
wonderful,1263
won,1261
bed,1260
eyes,1257
star,1256
site,1253
yourself,1251
began,1247
obama,1245
rock,1245
worth,1245
strong,1243
cause,1236
simply,1236
control,1233
door,1229
sorry,1228
cost,1227
clear,1226
continue,1225
hair,1225
dinner,1223
low,1223
war,1223
picture,1222
interesting,1215
perhaps,1209
cana,1208
christmas,1207
nearly,1207
ones,1206
political,1205
seeing,1205
longer,1201
seem,1199
recent,1198
hea,1192
schools,1190
jobs,1186
issues,1185
likely,1184
ways,1184
wife,1184
energy,1181
page,1180
shows,1179
hold,1174
huge,1173
create,1171
definitely,1171
waiting,1167
oil,1166
simple,1163
questions,1160
act,1154
hands,1153
usually,1152
giving,1149
wine,1148
trip,1143
conference,1142
piece,1137
services,1137
style,1134
race,1133
lots,1132
include,1130
decision,1129
education,1128
step,1127
themselves,1127
c,1126
ohio,1125
crazy,1124
yesterday,1123
became,1122
cover,1121
plans,1120
bar,1119
co,1119
held,1118
super,1114
america,1109
funny,1108
career,1106
washington,1105
club,1101
send,1100
r,1099
return,1099
brown,1097
action,1094
earlier,1094
expected,1092
met,1092
personal,1092
sent,1091
finished,1088
goal,1086
stories,1085
fine,1076
feet,1075
form,1075
husband,1075
stand,1073
blue,1071
seven,1064
companies,1059
price,1057
weather,1057
moving,1056
received,1055
dark,1054
haven't,1053
budget,1052
offer,1052
cold,1051
entire,1050
save,1050
welcome,1049
jesus,1048
spend,1048
cannot,1046
tweet,1044
ball,1043
attention,1041
a m,1040
brought,1040
sound,1040
east,1039
facebook,1037
glad,1037
she's,1036
example,1034
n,1033
research,1033
sounds,1033
dog,1030
problems,1030
design,1028
let's,1028
provide,1028
answer,1027
email,1027
dead,1026
wrote,1026
x,1026
whatever,1025
voice,1024
table,1021
band,1020
david,1020
due,1020
mark,1015
heat,1014
knows,1014
led,1014
sun,1014
whose,1014
alone,1013
jersey,1011
united,1008
player,1006
coffee,1005
fast,1005
cleveland,1002
lunch,1002
sales,1002
sign,1001
campaign,1000
billion,997
chicago,994
moved,994
couldn't,993
character,992
daughter,992
written,992
boys,987
wonder,985
completely,984
main,983
doesna,982
current,980
fresh,980
league,976
learned,975
died,974
june,974
despite,973
training,970
non,969
view,969
staff,967
opportunity,966
difficult,964
deep,963
success,962
certain,961
paul,960
upon,960
term,957
pictures,953
fan,952
o,952
workers,952
events,951
ya,949
further,948
note,944
itself,942
loss,942
opening,940
we've,939
fight,937
extra,936
focus,936
quickly,936
higher,934
wow,934
p,933
interest,931
james,931
key,931
choice,929
exactly,929
type,929
theya,925
financial,924
date,923
private,923
website,923
cup,922
ground,922
la,922
louis,921
vote,920
bought,917
role,917
size,917
color,915
medical,915
member,915
afternoon,913
practice,913
press,911
complete,909
ideas,909
dr,908
bowl,907
california,907
track,907
busy,906
truth,906
created,905
position,904
pass,903
michael,902
chief,900
daily,900
join,900
plus,900
wall,900
stage,899
beat,898
paid,897
kept,896
student,896
released,894
forget,893
certainly,891
expect,890
sad,890
industry,889
involved,889
seemed,889
amount,888
ice,888
box,887
council,887
minute,887
football,885
security,884
changes,883
etc,883
eye,881
anyway,878
beginning,878
comment,878
we'll,877
floor,876
result,876
ahead,875
total,874
international,872
miles,871
okay,870
you'll,870
hospital,868
therea,868
below,867
drink,867
helped,867
judge,867
scene,867
figure,866
double,864
restaurant,862
seriously,862
teams,862
statement,858
development,857
force,856
eight,855
present,854
bank,853
hall,853
allow,850
test,850
begin,849
release,849
photos,848
serious,847
shop,845
pain,844
sitting,844
spending,844
listen,842
sugar,842
changed,841
chocolate,840
original,840
brother,839
gift,838
straight,838
similar,837
cream,836
winning,836
details,834
sort,834
message,832
natural,832
learning,830
born,829
dance,829
quality,829
album,828
senior,828
walking,827
economy,826
followed,826
gives,825
sister,824
evening,823
chicken,822
performance,822
portland,822
products,822
rights,820
clean,819
eating,819
economic,818
ended,818
lose,818
passed,817
interested,816
places,816
review,816
july,814
relationship,814
average,813
luck,813
situation,813
dad,812
starts,812
study,812
g,811
land,811
sit,811
k,810
sports,809
beach,808
foot,808
kid,804
rate,803
runs,803
wouldn't,803
consider,801
fell,800
title,799
quarter,798
dream,797
totally,797
defense,796
manager,796
safe,796
de,794
leaving,794
poor,791
blood,790
common,789
growing,789
kitchen,789
allowed,788
photo,788
trust,788
finish,786
data,785
image,785
mine,785
killed,784
missed,784
period,784
quick,784
characters,782
internet,782
lord,782
property,781
republican,781
taste,780
earth,776
mix,776
spot,775
fair,774
society,774
fourth,771
projects,771
reported,771
wear,771
beyond,770
tour,770
king,768
account,767
cute,767
telling,767
truly,767
driving,766
link,765
speak,765
version,765
cards,764
credit,763
technology,763
agree,762
chris,761
garden,761
effort,759
putting,759
fear,758
named,758
wanna,758
throughout,757
biggest,756
ur,756
committee,755
increase,755
sale,755
build,753
lovely,752
pieces,752
die,751
english,751
feels,751
base,750
popular,750
river,749
choose,748
included,748
reach,748
warm,748
recipe,747
executive,746
hotel,745
oregon,745
potential,744
travel,744
mostly,743
cheese,742
gas,742
planning,741
trade,740
winter,739
employees,738
ran,738
block,737
enjoyed,737
sat,736
served,735
hi,733
listening,733
absolutely,732
onto,732
peace,732
reality,731
results,731
contact,730
difference,728
previous,728
thoughts,728
tickets,728
built,727
opened,727
sold,727
wearing,727
calls,726
catch,726
hurt,726
showed,726
regular,725
items,724
bottom,721
cake,721
hearing,721
holiday,721
costs,720
lower,720
happens,719
imagine,719
safety,719
sell,719
glass,718
aren't,717
value,716
groups,715
tough,715
rules,713
filled,712
fit,711
immediately,710
interview,710
particular,710
includes,709
songs,709
weight,707
attorney,706
square,706
toward,706
text,705
announced,704
election,704
marriage,704
product,704
mention,703
author,702
rose,702
evidence,701
ability,700
agency,700
rain,700
ride,698
you've,697
dont,696
nature,696
shopping,696
faith,695
families,695
mike,695
texas,695
article,694
teacher,694
union,694
central,693
grow,693
serve,693
stopped,693
followers,692
lady,691
movies,691
tired,691
asking,690
leaders,690
library,690
policy,690
touch,690
residents,689
wasna,689
closed,687
letter,687
particularly,686
radio,686
dress,683
prices,683
teachers,683
cook,679
fat,679
currently,678
legal,677
sick,677
lake,674
meant,674
apparently,673
orange,673
risk,673
official,672
french,671
worst,671
bag,670
except,670
positive,670
lines,669
annual,667
healthy,667
cases,666
customers,666
picked,666
growth,665
keeping,665
romney,665
wedding,665
january,664
realize,664
traffic,664
smith,663
computer,662
isna,662
older,661
walked,661
worse,661
comments,660
supposed,660
unless,660
gold,659
nine,659
calling,658
latest,658
loves,658
officer,658
pop,658
related,657
drop,655
records,655
station,655
cash,654
lived,654
omg,654
rich,653
ha,652
novel,651
plays,651
numbers,649
owner,649
military,648
missing,647
proud,647
considered,646
modern,646
eventually,645
caught,643
creative,642
parts,642
various,642
kill,640
liked,639
americans,638
address,637
collection,637
gotta,637
language,637
easily,635
effect,635
hopefully,635
tea,635
none,634
officers,633
wide,631
clearly,630
finding,630
lucky,630
via,630
leading,629
terms,629
doubt,628
forever,627
los,627
watched,626
fish,625
raised,624
spirit,624
secret,623
science,622
session,622
florida,621
reports,621
smile,621
agreed,620
brain,620
bus,620
dry,620
twice,620
dear,619
management,619
access,618
cross,617
production,617
response,617
tree,617
drug,616
grand,616
christ,615
justice,615
overall,615
november,614
search,614
train,614
nation,612
winner,611
areas,610
throw,610
bay,609
programs,609
goals,608
match,607
receive,607
ten,607
culture,606
turns,606
speaking,605
award,604
cancer,604
crowd,604
leader,604
valley,604
anymore,603
george,603
mail,603
failed,602
here's,602
lack,601
addition,599
soul,598
butter,597
realized,596
sauce,596
offered,595
slow,593
standing,593
downtown,592
obviously,592
posted,592
range,592
draft,591
insurance,591
seat,591
hoping,590
reasons,590
salt,590
stock,590
century,589
island,588
normal,588
appreciate,587
benefits,586
everybody,586
planned,586
attack,585
heavy,584
classic,583
folks,583
charge,582
network,582
offers,582
london,581
hill,580
nd,580
google,579
readers,579
snow,579
mayor,578
corner,577
notice,577
required,577
speed,577
subject,577
congrats,575
joe,575
respect,575
shooting,573
successful,573
contract,572
selling,572
sharing,572
headed,571
voters,571
baseball,570
talked,569
apple,568
senate,568
advice,567
camera,567
easier,567
plant,567
roll,567
cars,566
remain,566
signed,566
wild,566
skin,565
arrived,564
british,563
physical,563
association,562
bigger,562
avoid,561
construction,561
shea,561
content,559
december,559
leaves,559
plenty,558
section,558
arena,557
degree,557
holding,556
stupid,556
artist,555
helping,555
christian,554
bread,553
crime,553
impact,553
marketing,553
scored,553
surprise,553
tom,553
covered,552
february,552
robert,552
thomas,552
income,551
model,551
q,551
doctor,550
festival,550
fund,550
hello,550
seconds,550
skills,550
broken,549
fashion,549
indeed,549
investigation,549
slightly,549
worry,549
arts,547
homes,547
individual,547
spread,547
whom,547
breakfast,546
screen,546
necessary,545
neighborhood,545
tells,545
trouble,545
writer,545
benefit,544
creating,544
knowing,544
battle,543
limited,543
approach,542
pre,542
provided,542
angeles,541
charged,541
global,541
organization,541
pull,541
williams,541
features,540
pressure,540
adding,539
guard,539
ill,539
inspired,539
wind,539
count,538
jones,538
audience,537
museum,537
brand,536
carry,536
johnson,536
raise,536
victory,536
administration,535
continued,535
cooking,535
taxes,535
conversation,534
gay,534
highly,534
source,534
tweets,533
additional,532
basketball,532
losing,532
movement,532
parking,532
f,530
holy,529
married,529
moments,529
steve,529
charges,528
mouth,528
china,527
names,527
grade,526
window,526
loving,525
shall,525
digital,524
shoes,524
web,524
noticed,523
pair,523
prison,523
pulled,523
september,523
stores,523
vs,523
broke,522
designed,522
flowers,522
largest,522
notes,521
professional,521
traditional,521
competition,520
joy,520
francisco,519
nor,519
showing,519
stars,519
trees,519
congress,518
exciting,518
milk,518
shirt,518
cat,517
returned,517
scott,517
coast,516
helps,516
debt,515
push,515
dogs,514
jack,514
efforts,513
stuck,513
unique,513
classes,512
willing,512
beauty,511
clothes,511
dreams,511
till,511
trial,511
mad,510
forced,509
images,509
reached,509
somewhere,509
theme,509
usual,509
businesses,508
cuts,508
firm,508
flight,508
attempt,507
serving,507
drinking,506
possibly,506
published,506
remains,506
unfortunately,506
decide,505
mentioned,505
nfl,505
hits,504
levels,504
buying,503
delicious,503
dollars,503
paying,503
arizona,502
bright,502
claim,502
herself,502
j,502
becoming,501
closer,501
excellent,501
surprised,501
grew,500
towards,500
yards,499
sea,498
weird,498
camp,497
pages,497
stick,497
spokesman,496
birth,495
mid,495
fill,494
info,494
prepared,494
score,494
thinks,494
tiny,494
anti,493
artists,492
dropped,492
dude,492
turning,492
al,491
majority,491
edge,490
pink,490
purpose,490
celebrate,489
shots,489
ends,488
journey,487
rule,487
yard,487
changing,486
august,485
aware,485
famous,485
golden,485
mile,485
chinese,484
compared,484
enter,484
explain,484
host,484
laugh,484
paint,484
activities,483
nobody,483
primary,483
avenue,482
heading,482
farm,481
happening,481
october,481
protect,481
appeared,480
becomes,480
direction,480
fantastic,479
fully,479
ourselves,479
ah,478
fighting,478
scheduled,478
capital,477
soft,477
studio,477
pizza,476
cant,475
discovered,475
teaching,475
who's,475
cast,474
keeps,474
meat,474
treat,474
appears,473
detroit,473
fruit,473
larger,473
menu,473
setting,473
bottle,472
commission,472
speech,472
apart,471
magic,471
opinion,471
otherwise,471
balance,470
episode,470
streets,470
countries,469
foundation,469
path,469
specific,469
thousands,469
wood,469
couldna,468
draw,468
female,468
knowledge,468
resources,468
smart,468
posts,467
agent,466
complex,466
fellow,466
rise,466
talent,466
hang,465
jim,465
lets,465
authority,464
democratic,464
significant,464
cities,463
options,463
rd,463
concert,462
extremely,462
joined,462
television,462
aside,461
background,461
da,461
greatest,460
managed,460
patients,460
jump,459
meaning,459
pack,459
peter,459
wona,459
writers,459
yellow,459
teach,458
authorities,457
likes,457
democrats,456
mission,456
powerful,456
pro,456
ryan,456
singing,456
arrested,455
plants,455
rates,455
remove,455
shared,455
shut,455
stadium,455
civil,454
egg,454
honor,454
kick,454
santa,454
bob,453
faces,452
freedom,452
medium,452
standard,452
begins,451
bridge,451
charles,451
films,451
adult,450
appear,450
thus,450
europe,449
shape,449
treatment,449
accept,447
mary,447
mountain,447
placed,447
slowly,447
strength,447
target,447
quiet,446
republicans,446
violence,446
bet,445
breaking,445
craft,445
era,445
somehow,445
damage,444
exercise,444
option,444
commercial,443
miami,443
western,443
bringing,442
improve,442
comfortable,441
driver,441
partner,441
pool,441
year's,441
caused,440
concerned,440
decisions,440
parties,440
smaller,440
ticket,440
boston,439
environment,439
laws,439
pan,439
schedule,439
southern,439
martin,438
actual,437
bunch,437
division,437
gotten,437
progress,436
surgery,436
van,436
guilty,435
investment,435
meal,435
memory,435
purchase,435
shoot,435
enjoying,434
greater,434
governor,433
leadership,433
measure,433
stood,433
fly,432
friendly,432
machine,432
tim,432
alive,431
continues,431
steps,431
update,431
youth,431
advantage,430
european,430
funding,430
gov,430
sides,430
arms,429
lately,429
somebody,429
direct,428
honest,428
literally,428
mobile,428
nights,428
vehicle,428
  ,427
denver,427
killing,427
missouri,427
neither,427
brings,426
code,426
feature,426
fifth,426
signs,426
understanding,426
younger,426
location,425
offering,425
region,425
therefore,425
campus,424
rice,424
uk,424
hopes,423
variety,423
austin,422
directly,422
ending,422
focused,422
hop,422
labor,422
row,422
separate,422
today's,422
afraid,421
eggs,421
evil,421
magazine,421
agreement,420
animals,420
army,420
colors,420
described,420
injury,420
bike,419
expensive,419
memories,419
multiple,419
owners,419
spoke,419
tournament,419
tip,418
baltimore,417
estate,417
filed,417
hanging,417
matt,417
murder,417
revenue,417
handle,416
foreign,415
religious,415
promise,414
uses,414
activity,413
cutting,413
gorgeous,413
lmao,413
material,413
sky,413
solid,413
apartment,412
claims,412
plate,412
require,412
falling,411
mass,411
taught,411
debate,410
jackson,410
airport,409
population,409
basically,408
candidate,408
sites,408
app,406
brothers,406
criminal,406
discussion,406
fox,406
hundreds,406
decades,405
fix,405
vacation,405
wake,405
copy,404
grown,403
bout,402
click,402
ingredients,402
demand,400
generally,400
request,400
theater,400
admit,399
everyday,399
familiar,399
produce,399
acting,398
empty,398
lee,398
male,398
remaining,398
banks,396
championship,396
ladies,396
william,396
attend,395
basic,394
considering,394
allows,393
millions,393
provides,393
random,393
diego,392
independent,392
kansas,392
mixed,392
thats,392
village,392
christie,391
emotional,391
lights,391
politics,391
seeking,391
bear,390
dish,390
pepper,390
restaurants,390
suddenly,390
truck,390
inc,389
pounds,389
presence,389
sets,389
decade,388
increased,388
mexico,388
l,387
lie,387
shown,387
strange,387
systems,387
alcohol,386
davis,386
fiction,386
legs,386
baking,385
degrees,385
proposed,384
status,384
you'd,384
actions,383
animal,383
arm,383
contest,383
drugs,383
illegal,383
plain,383
seasons,383
awards,382
crisis,382
housing,382
obvious,382
opportunities,382
state's,382
forces,381
highest,381
wins,381
emergency,380
england,380
inspiration,380
tears,380
choices,379
critical,379
mental,379
wondering,379
ages,378
cell,378
concept,378
desire,378
illinois,378
route,378
adults,377
assistant,377
effective,377
feelings,377
hahaha,377
wouldna,377
bro,376
challenges,376
grace,376
michigan,376
moon,376
salad,376
conservative,375
drinks,375
easter,375
experienced,375
garlic,375
mixture,375
oven,375
produced,375
professor,375
soup,375
windows,375
ring,374
tips,374
unit,374
forgot,373
native,373
ordered,373
protection,373
tech,373
committed,372
cry,372
funds,372
hasn't,372
chose,371
concerns,371
developed,371
drama,371
failure,371
justin,371
print,371
vice,371
circle,370
flat,370
jr,370
juice,370
lay,370
plastic,370
terrible,370
candidates,369
determined,369
hole,369
jan,369
metal,369
recommend,369
seek,369
shout,369
stayed,369
visiting,369
bills,368
inch,368
junior,368
colorado,367
honestly,367
citizens,366
environmental,366
hitting,366
rep,366
dc,365
defensive,365
earned,365
owned,365
proposal,365
sing,365
tend,365
walls,365
yo,365
approved,364
develop,364
passing,364
whata,364
dancing,363
gain,363
gym,363
heads,363
personally,363
everywhere,362
frank,362
meanwhile,362
prize,362
exchange,361
iphone,361
mothers,361
nba,361
chapter,360
gun,360
smell,360
blues,359
brian,359
chairman,359
feb,359
incredible,359
markets,359
rare,359
confidence,358
disease,358
impossible,358
massive,358
painting,358
phoenix,358
richard,358
sending,358
tony,358
usa,358
condition,357
negative,357
sleeping,357
stands,357
waste,357
apply,356
chair,356
corporate,356
dangerous,356
doors,356
flavor,356
guest,356
mess,356
responsible,356
stress,356
suggested,356
victims,356
yay,356
border,355
boyfriend,355
forest,355
leta,355
pot,355
presented,355
seattle,355
sexual,355
stone,355
loud,354
noted,354
talks,354
trail,354
active,353
advance,353
african,353
em,353
entertainment,353
generation,353
kevin,353
they've,353
associated,352
reduce,352
stamp,352
fabulous,351
foods,351
golf,351
musical,351
anybody,350
beers,350
buildings,350
fairly,350
feed,350
master,350
zone,350
aid,349
bags,349
dozen,349
elected,349
h,349
heaven,349
kinda,349
basis,348
crew,348
ms,348
plane,348
silver,348
discuss,347
papers,347
whenever,347
conditions,346
passion,346
pitch,346
posting,346
believed,345
guitar,345
houses,345
pray,345
storm,345
vision,345
chef,344
coverage,344
leads,344
requires,344
seats,344
ship,344
anywhere,343
fuel,343
horse,343
miller,343
pace,343
v,343
worried,343
customer,342
struck,342
studies,342
ceo,341
entirely,341
letting,341
task,341
connection,340
flying,340
officially,340
channel,339
gop,339
grant,339
harder,339
individuals,339
recipes,339
clients,338
drew,338
electric,338
newark,338
package,338
smoke,338
tight,338
abuse,337
appropriate,337
believes,337
bored,337
dollar,337
entry,337
appeal,336
breath,336
entered,336
matters,336
perfectly,336
quote,336
reader,336
standards,336
tied,336
videos,336
weren't,336
carried,335
chosen,335
doctors,335
express,335
fees,335
giant,335
honey,335
pants,335
responsibility,335
suit,335
urban,335
wanting,335
blogs,334
mini,334
parent,334
previously,334
struggle,334
acts,333
ad,333
havena,333
prefer,333
transportation,333
ed,332
hills,332
pie,332
plot,332
regional,332
visited,332
cleaning,331
ex,331
gifts,331
houston,331
israel,331
issued,331
legislation,331
letters,331
offense,331
strategy,331
ultimately,331
bird,330
blessed,330
documents,330
india,330
effects,329
fingers,329
jazz,329
perform,329
recovery,329
blame,328
carolina,328
distance,328
fail,328
fired,328
japanese,328
mistake,328
nearby,328
scared,328
ugh,328
yours,328
angry,327
anniversary,327
attended,327
birds,327
immigration,327
mood,327
net,327
nuclear,327
accepted,326
allowing,326
core,326
investors,326
panel,326
patient,326
bake,325
blazers,325
city's,325
flower,325
neck,325
relationships,325
candy,324
lies,324
originally,324
profit,324
shouldn't,324
visitors,324
woke,324
answers,323
combined,323
concern,323
prime,323
prove,323
removed,323
riding,323
staying,323
advertising,322
consumers,322
explained,322
prior,322
sept,322
drove,321
faced,321
favor,321
follows,321
italian,321
limit,321
moves,321
vegas,321
voted,321
authors,320
checking,320
hollywood,320
operations,320
providing,320
shift,320
spanish,320
africa,319
button,319
comfort,319
injuries,319
jeff,319
paris,319
appearance,318
ate,318
figured,318
guide,318
newspaper,318
odd,318
pattern,318
threw,318
accused,317
alex,317
communities,317
drunk,317
guests,317
parks,317
agents,316
completed,316
dan,316
grab,316
hearts,316
introduced,316
lesson,316
catholic,315
prayer,315
closing,314
ii,314
maryland,314
pleasure,314
boat,313
cheap,313
incident,313
listed,313
suggest,313
tests,313
canada,312
celebration,312
consumer,312
ipad,312
pointed,312
dishes,311
experiences,311
fabric,311
leg,311
perspective,311
queen,311
treated,311
types,311
argument,310
deals,310
designer,310
display,310
experts,310
knee,310
located,310
rick,310
talented,310
besides,309
german,309
irish,309
joke,309
launch,309
prepare,309
saved,309
sexy,309
y,309
ain't,308
behavior,308
bible,308
institute,308
ocean,308
raising,308
sees,308
yea,308
ben,307
influence,307
noon,307
northern,307
selection,307
silly,307
somewhat,307
accident,306
dining,306
faster,306
filling,306
journal,306
meetings,306
regarding,306
upcoming,306
wit,306
alternative,305
checked,305
comedy,305
deserve,305
facing,305
file,305
shoulder,305
atlanta,304
dec,304
eric,304
painted,304
playoffs,304
prevent,304
views,304
woods,304
cooked,303
diet,303
flour,303
grateful,303
herea,303
kinds,303
sam,303
structure,303
topic,303
babies,302
figures,302
finds,302
respond,302
scale,302
shower,302
attacks,301
brief,301
equipment,301
giants,301
nyc,301
scenes,301
tall,301
taylor,301
bond,300
combination,300
ensure,300
exist,300
indian,300
interests,300
laid,300
lane,300
lawyer,300
lemon,300
midnight,300
mother's,300
replace,300
resident,300
smooth,300
sport,300
unlike,300
attitude,299
cookies,299
enforcement,299
inning,299
ncaa,299
sen,299
tools,299
tweeting,299
packed,298
profile,298
ray,298
repeat,298
rising,298
singer,298
suffered,298
survey,298
chain,297
correct,297
employee,297
nick,297
sources,297
suspect,297
values,297
wet,297
hat,296
prosecutors,296
purchased,296
supreme,296
bodies,295
cultural,295
dough,295
howard,295
length,295
map,295
opposite,295
stretch,295
users,295
andrew,294
beef,294
facility,294
falls,294
favourite,294
france,294
jail,294
math,294
performing,294
stir,294
surface,294
thick,294
threat,294
bathroom,293
client,293
coaches,293
olive,293
pics,293
planet,293
pushing,293
actor,292
ave,292
barely,292
ford,292
item,292
scoring,292
typical,292
captain,291
chat,291
declined,291
suffering,291
whoa,291
brooklyn,290
dallas,290
dirty,290
goda,290
presidential,290
rooms,290
ugly,290
unemployment,290
universe,290
cups,289
el,289
factor,289
pic,289
boring,288
connect,288
creation,288
dm,288
inches,288
loans,288
politicians,288
tho,288
beans,287
childhood,287
kelly,287
religion,287
speaker,287
supporting,287
wash,287
drawing,286
encourage,286
highway,286
pushed,286
rush,286
shares,286
testing,286
upset,286
amazon,285
company's,285
dave,285
duty,285
facts,285
jason,285
kiss,285
sentence,285
historical,284
iron,284
offensive,284
policies,284
proper,284
solution,284
accounts,283
blow,283
chances,283
innings,283
intended,283
personality,283
pregnant,283
recognize,283
theatre,283
vehicles,283
angels,282
bands,282
boss,282
constantly,282
detail,282
dying,282
editor,282
handed,282
invited,282
supply,282
vintage,282
analysis,281
decent,281
fantasy,281
wise,281
adam,280
assembly,280
blogging,280
crying,280
ff,280
hungry,280
raw,280
saving,280
secretary,280
sir,280
struggling,280
supporters,280
eastern,279
elements,279
excuse,279
wings,279
cardinals,278
lakers,278
onion,278
soccer,278
thin,278
tracks,278
yep,278
afford,277
awkward,277
cuz,277
desk,277
quarterback,277
y'all,277
ap,276
application,276
districts,276
horrible,276
publishing,276
relatively,276
sixth,276
strike,276
typically,276
victim,276
bush,275
cats,275
creek,275
featured,275
forms,275
reform,275
suppose,275
tool,275
fake,274
japan,274
minister,274
neighbors,274
recall,274
theory,274
wisdom,274
brilliant,273
counter,273
crash,273
earn,273
historic,273
hundred,273
impressive,273
ny,273
operating,273
ppl,273
recorded,273
rolling,273
split,273
sucks,273
thankful,273
bars,272
drivers,272
instance,272
laughing,272
philadelphia,272
they'll,272
upper,272
we'd,272
circumstances,271
drawn,271
driven,271
featuring,271
holds,271
sight,271
specifically,271
bacon,270
memorial,270
throwing,270
wilson,270
allen,269
forth,269
injured,269
mac,269
picking,269
spiritual,269
tape,269
unusual,269
youtube,269
asleep,268
don,268
dressed,268
expectations,268
lessons,268
mexican,268
playoff,268
regardless,268
tie,268
ale,267
ink,267
organizations,267
relief,267
warning,267
attempts,266
bears,266
boxes,266
debut,266
disappointed,266
manage,266
reaction,266
shame,266
virginia,266
weekly,266
winners,266
workout,266
champion,265
children's,265
normally,265
reviews,265
shirts,265
teeth,265
thx,265
trend,265
wave,265
expert,264
heights,264
marathon,264
possibility,264
academic,263
cents,263
dealing,263
depending,263
nov,263
tag,263
browns,262
chase,262
determine,262
granted,262
he'd,262
pleased,262
spots,262
thanksgiving,262
trading,262
weak,262
flow,261
hadn't,261
increases,261
materials,261
messages,261
minor,261
passes,261
pound,261
puts,261
reduced,261
seed,261
votes,261
bell,260
escape,260
hip,260
links,260
promised,260
adventure,259
describe,259
domestic,259
extended,259
inner,259
largely,259
potatoes,259
refused,259
academy,258
auto,258
joining,258
loose,258
punch,258
receiving,258
shortly,258
stamps,258
volunteer,258
bedroom,257
carrying,257
claimed,257
commissioner,257
elections,257
established,257
frame,257
gray,257
harry,257
loan,257
meals,257
participate,257
powder,257
recording,257
represent,257
sarah,257
asks,256
cap,256
confident,256
deeply,256
goods,256
nose,256
occurred,256
agencies,255
burning,255
presentation,255
rarely,255
surely,255
vegetables,255
confused,254
directed,254
fee,254
gallery,254
goodness,254
grocery,254
improved,254
medicine,254
minds,254
opens,254
seeds,254
shake,254
achieve,253
attending,253
bound,253
cd,253
exact,253
fed,253
hidden,253
italy,253
register,253
remind,253
township,253
tune,253
commitment,252
false,252
indians,252
pork,252
portion,252
pure,252
retired,252
scary,252
suggestions,252
colour,251
combine,251
corn,251
hardly,251
license,251
mrs,251
nervous,251
pet,251
purple,251
rip,251
sharp,251
stronger,251
teen,251
unable,251
witness,251
bite,250
holidays,250
initial,250
preparing,250
racing,250
retirement,250
sisters,250
sunny,250
barack,249
dates,249
girlfriend,249
label,249
mystery,249
nations,249
performed,249
remained,249
tons,249
anthony,248
minnesota,248
orders,248
scores,248
transfer,248
useful,248
epic,247
existing,247
fb,247
fewer,247
hunger,247
importance,247
jury,247
practices,247
pride,247
revealed,247
sheet,247
violent,247
yoga,247
favorites,246
maintain,246
method,246
positions,246
reminded,246
retail,246
savings,246
suggests,246
blocks,245
centers,245
clothing,245
fault,245
happiness,245
hero,245
hired,245
quit,245
reporters,245
tradition,245
wing,245
anger,244
breast,244
equal,244
returning,244
software,244
bottles,243
carefully,243
clock,243
congratulations,243
delivered,243
jordan,243
announcement,242
bruce,242
burn,242
covers,242
daniel,242
estimated,242
hide,242
identity,242
increasing,242
incredibly,242
jumped,242
launched,242
numerous,242
reply,242
ridiculous,242
tuned,242
colored,241
joseph,241
legislature,241
reserve,241
twenty,241
worker,241
writes,241
furniture,240
opposition,240
partners,240
reminds,240
reporting,240
arrive,239
breaks,239
elementary,239
fame,239
finger,239
jewish,239
motion,239
obama's,239
pacific,239
poetry,239
replaced,239
responded,239
romance,239
calm,238
contemporary,238
glory,238
kentucky,238
merely,238
ruling,238
unknown,238
alright,237
annoying,237
counts,237
delivery,237
germany,237
he'll,237
identified,237
indiana,237
operation,237
opposed,237
orlando,237
ron,237
searching,237
storage,237
traveling,237
farmers,236
novels,236
recession,236
reference,236
rescue,236
rough,236
vanilla,236
volunteers,236
afghanistan,235
atlantic,235
blast,235
careful,235
chest,235
disney,235
dust,235
essential,235
facilities,235
humans,235
mall,235
mirror,235
organic,235
percentage,235
supplies,235
chopped,234
confirmed,234
connected,234
developing,234
finishing,234
ma,234
mistakes,234
organized,234
picks,234
remembered,234
tasting,234
coat,233
contracts,233
designs,233
discover,233
ear,233
finance,233
horror,233
http,233
lawmakers,233
pasta,233
returns,233
royal,233
sin,233
turkey,233
desert,232
manner,232
seventh,232
silent,232
adds,231
centre,231
ceremony,231
deliver,231
immediate,231
industrial,231
investigators,231
monthly,231
promote,231
rocks,231
selected,231
voting,231
women's,231
arrest,230
buddy,230
graduate,230
grass,230
hockey,230
hoped,230
lifetime,230
mt,230
patrick,230
sons,230
ups,230
veterans,230
waited,230
actors,229
admitted,229
beating,229
belief,229
constant,229
finals,229
fixed,229
foster,229
founder,229
lewis,229
priority,229
sometime,229
stated,229
temperature,229
thrown,229
tone,229
trips,229
athletic,228
communication,228
frequently,228
garage,228
helpful,228
increasingly,228
josh,228
weapons,228
applied,227
approval,227
cafe,227
causes,227
competitive,227
dessert,227
flavors,227
landscape,227
roof,227
sacramento,227
survive,227
tower,227
um,227
answered,226
awareness,226
gate,226
humor,226
lil,226
necessarily,226
port,226
reasonable,226
santorum,226
alleged,225
brewers,225
calories,225
category,225
corp,225
existence,225
gm,225
immigrants,225
intense,225
lying,225
marijuana,225
oct,225
ribbon,225
suck,225
tale,225
capable,224
casino,224
dedicated,224
edition,224
explore,224
hilarious,224
internal,224
joint,224
judges,224
models,224
sought,224
tomatoes,224
wrapped,224
affected,223
awful,223
bench,223
bin,223
device,223
greek,223
ignore,223
minimum,223
payments,223
sadly,223
supported,223
whats,223
advanced,222
affect,222
asian,222
boost,222
curious,222
danger,222
download,222
dramatic,222
forgotten,222
hurts,222
intelligence,222
iowa,222
kings,222
metro,222
regularly,222
serves,222
sessions,222
smoking,222
compete,221
ears,221
meets,221
nap,221
races,221
swear,221
technical,221
ballot,220
depth,220
expecting,220
gear,220
greg,220
killer,220
losses,220
measures,220
naturally,220
offices,220
wore,220
anderson,219
appointment,219
baked,219
crimes,219
cycle,219
dj,219
identify,219
interviews,219
lawyers,219
limits,219
pour,219
prince,219
situations,219
solo,219
veteran,219
wrap,219
assume,218
collective,218
constitution,218
context,218
cousin,218
dating,218
fallen,218
fried,218
hunt,218
impressed,218
jeans,218
layer,218
swing,218
wishes,218
argue,217
aug,217
expand,217
hiring,217
moms,217
properly,217
pub,217
relations,217
resolution,217
spokeswoman,217
stops,217
thousand,217
walks,217
workshop,217
amp,216
bid,216
elsewhere,216
fishing,216
lazy,216
mainly,216
rally,216
sand,216
tries,216
uh,216
unions,216
angel,215
bitter,215
ca,215
conflict,215
convention,215
extreme,215
fort,215
jealous,215
noise,215
opponents,215
sandwich,215
stephen,215
studying,215
tackle,215
description,214
frozen,214
liberal,214
rolled,214
tear,214
volume,214
amendment,213
blend,213
brewing,213
couch,213
dumb,213
fiscal,213
franchise,213
ideal,213
occupy,213
roads,213
routine,213
soldiers,213
species,213
wisconsin,213
world's,213
clark,212
daddy,212
daughters,212
enemy,212
gained,212
grill,212
initially,212
mitt,212
outdoor,212
prayers,212
productive,212
sector,212
shock,212
surrounding,212
tables,212
articles,211
capacity,211
conversations,211
employment,211
gathered,211
jam,211
reporter,211
rid,211
smh,211
sorts,211
ultimate,211
units,211
adams,210
announce,210
continuing,210
engine,210
henry,210
lips,210
potato,210
recommended,210
represents,210
settled,210
blogger,209
classroom,209
conduct,209
contrast,209
locked,209
nuts,209
oakland,209
photography,209
powers,209
wealth,209
ban,208
catching,208
challenging,208
grey,208
heck,208
jay,208
kim,208
occasionally,208
silence,208
stomach,208
suicide,208
trained,208
triple,208
assault,207
crack,207
milwaukee,207
roots,207
vast,207
ancient,206
crossed,206
deficit,206
dozens,206
emotions,206
jon,206
luxury,206
ongoing,206
andy,205
britain,205
chips,205
comic,205
deputy,205
elizabeth,205
gathering,205
glasses,205
lineup,205
muslim,205
shops,205
temple,205
ann,204
bass,204
closely,204
contributed,204
convinced,204
cookie,204
democrat,204
denied,204
devices,204
emails,204
examples,204
expressed,204
fought,204
linked,204
performances,204
phones,204
poverty,204
rangers,204
salary,204
affordable,203
argued,203
consistent,203
fields,203
informed,203
load,203
madison,203
nation's,203
nowhere,203
phrase,203
roughly,203
solar,203
stepped,203
stopping,203
til,203
tomato,203
updates,203
awake,202
bulls,202
controlled,202
deadline,202
error,202
involving,202
laptop,202
mortgage,202
pa,202
painful,202
pat,202
tank,202
therapy,202
anytime,201
bits,201
blind,201
bomb,201
celebrating,201
congressional,201
creates,201
creativity,201
ducks,201
essentially,201
min,201
precious,201
protein,201
sox,201
visits,201
critics,200
entertaining,200
eve,200
heavily,200
las,200
loaded,200
onions,200
pocket,200
poll,200
reaching,200
russian,200
suspended,200
ads,199
branch,199
causing,199
charlie,199
decline,199
fancy,199
gang,199
homework,199
hook,199
interior,199
kingdom,199
mode,199
select,199
stolen,199
taxpayers,199
definition,198
document,198
eighth,198
hosting,198
ranked,198
shadow,198
todaya,198
ward,198
closet,197
def,197
deserves,197
fitness,197
hosted,197
lawsuit,197
nurse,197
presents,197
roasted,197
shocked,197
uncle,197
wars,197
worldwide,197
burned,196
cloud,196
factors,196
formed,196
gary,196
georgia,196
grabbed,196
jane,196
pen,196
root,196
shoe,196
solutions,196
discussed,195
ease,195
freshman,195
larry,195
summit,195
broad,194
bureau,194
producer,194
promises,194
relax,194
reminder,194
rent,194
signing,194
steel,194
trash,194
wines,194
zero,194
assets,193
broadway,193
charity,193
coaching,193
documentary,193
embrace,193
flash,193
jerry,193
rating,193
rebounds,193
swimming,193
temporary,193
xd,193
adorable,192
aggressive,192
appreciated,192
attached,192
australia,192
bath,192
bless,192
columbia,192
dropping,192
editing,192
excitement,192
gap,192
giveaway,192
hire,192
marked,192
mommy,192
protest,192
rams,192
script,192
tender,192
thompson,192
aw,191
espn,191
forgive,191
governments,191
halloween,191
hung,191
improvement,191
navy,191
participants,191
possession,191
registration,191
secure,191
bone,190
boo,190
detailed,190
exhibit,190
founded,190
manning,190
principal,190
sigh,190
starter,190
strip,190
wayne,190
agenda,189
cc,189
equally,189
homeless,189
knock,189
liberty,189
payment,189
replied,189
transition,189
troops,189
unexpected,189
voices,189
walker,189
wheel,189
athletes,188
attempted,188
burger,188
cable,188
calendar,188
derby,188
function,188
generous,188
highlight,188
liquid,188
oak,188
resort,188
romantic,188
tap,188
thrilled,188
twin,188
understood,188
armed,187
awhile,187
blah,187
bonus,187
brands,187
collected,187
dig,187
gospel,187
hospitals,187
laundry,187
literary,187
literature,187
matthew,187
permanent,187
pursue,187
reputation,187
atmosphere,186
boots,186
cherry,186
declared,186
expression,186
harris,186
outstanding,186
partnership,186
pulling,186
sized,186
sunshine,186
tigers,186
week's,186
worthy,186
bat,185
bonds,185
courts,185
disaster,185
jonathan,185
maker,185
northeast,185
piano,185
proof,185
sample,185
severe,185
texture,185
absolute,184
airlines,184
cares,184
elite,184
expenses,184
feedback,184
independence,184
index,184
invite,184
jimmy,184
jose,184
oldest,184
sentiment,184
struggled,184
switch,184
towns,184
venture,184
waters,184
worn,184
allegations,183
assistance,183
begun,183
choosing,183
clinic,183
conclusion,183
deeper,183
huh,183
jewelry,183
marks,183
neighbor,183
patterns,183
platform,183
receiver,183
registered,183
rob,183
speaks,183
user,183
whilst,183
wtf,183
basket,182
blessing,182
btw,182
columbus,182
destroyed,182
engaged,182
honored,182
iraq,182
legacy,182
outfit,182
overnight,182
phase,182
praise,182
reflect,182
warned,182
widely,182
yummy,182
bye,181
canadian,181
ceiling,181
colleagues,181
depends,181
exposed,181
graduation,181
lyrics,181
managing,181
ministry,181
naked,181
patent,181
properties,181
russell,181
topics,181
valuable,181
assists,180
backed,180
badly,180
column,180
complicated,180
defeat,180
funeral,180
handful,180
height,180
imagination,180
max,180
moral,180
perry,180
pittsburgh,180
regulations,180
unlikely,180
weapon,180
anna,179
blocked,179
brewery,179
collect,179
commerce,179
contains,179
desperate,179
expects,179
fool,179
id,179
involves,179
lighting,179
manufacturing,179
occasion,179
opinions,179
rail,179
recognized,179
sketch,179
surrounded,179
applications,178
attractive,178
celebrity,178
consecutive,178
convicted,178
educational,178
entrance,178
flag,178
horses,178
jennifer,178
lists,178
locations,178
odds,178
passengers,178
pregnancy,178
publicly,178
repeatedly,178
spoken,178
stewart,178
string,178
survived,178
teens,178
titles,178
visual,178
aunt,177
hug,177
jumping,177
kate,177
lincoln,177
monster,177
mountains,177
oklahoma,177
sewing,177
shelter,177
shore,177
sits,177
smiling,177
someday,177
spain,177
sudden,177
surprising,177
wire,177
yankees,177
acknowledged,176
counties,176
dealer,176
delay,176
grandmother,176
hamilton,176
heritage,176
potentially,176
referred,176
retweet,176
sean,176
succeed,176
sum,176
tongue,176
trick,176
attorneys,175
broadcast,175
brush,175
dare,175
gently,175
grilled,175
inspiring,175
lift,175
musicians,175
oa,175
peanut,175
pile,175
requirements,175
runner,175
amy,174
beloved,174
climate,174
complaint,174
deaths,174
explains,174
friendship,174
gross,174
hudson,174
it'll,174
kit,174
lined,174
onea,174
owns,174
scheme,174
steal,174
belt,173
capture,173
depression,173
dresses,173
encouraged,173
ghost,173
holes,173
hunter,173
institutions,173
kicked,173
kidding,173
lifestyle,173
lime,173
masters,173
orleans,173
parade,173
sa,173
skill,173
stations,173
stream,173
styles,173
suffer,173
throws,173
ton,173
avengers,172
behalf,172
chip,172
cupcakes,172
del,172
donations,172
fits,172
narrow,172
orchestra,172
oz,172
participating,172
phil,172
praying,172
relevant,172
reveal,172
rookie,172
tastes,172
wooden,172
analysts,171
aspect,171
climb,171
defend,171
didnt,171
entering,171
formal,171
ginger,171
guns,171
heels,171
iran,171
latter,171
longtime,171
newly,171
ordinary,171
philosophy,171
submit,171
timing,171
wishing,171
aaron,170
appointed,170
bankruptcy,170
checks,170
communications,170
copies,170
courage,170
deck,170
dialogue,170
dressing,170
duck,170
exhibition,170
failing,170
fraud,170
gardens,170
gingrich,170
legislative,170
pension,170
sake,170
settle,170
spotted,170
stuffed,170
susan,170
toilet,170
toys,170
twist,170
wondered,170
abandoned,169
basement,169
belly,169
broncos,169
clinton,169
concrete,169
covering,169
dried,169
drops,169
engineering,169
fate,169
healing,169
initiative,169
nasty,169
ninth,169
pale,169
pastor,169
penalty,169
pilot,169
repair,169
represented,169
rural,169
screaming,169
slide,169
spray,169
statistics,169
strongly,169
surprisingly,169
vegetable,169
worries,169
affairs,168
allegedly,168
amounts,168
bloggers,168
bother,168
cameras,168
criticism,168
d c,168
directions,168
earnings,168
entries,168
hint,168
homemade,168
humanity,168
jokes,168
judgment,168
mama,168
morgan,168
sacrifice,168
thru,168
weekends,168
christians,167
corruption,167
darkness,167
destination,167
i e,167
jews,167
lisa,167
manhattan,167
multi,167
outcome,167
paintings,167
regard,167
regret,167
robinson,167
rolls,167
roy,167
skip,167
superior,167
teenage,167
tribute,167
tyler,167
analyst,166
apps,166
chairs,166
cheers,166
cocktail,166
cried,166
electronic,166
filing,166
grounds,166
harm,166
impression,166
keys,166
lock,166
peak,166
princess,166
roles,166
shine,166
sounded,166
they'd,166
ties,166
acres,165
amongst,165
booth,165
carter,165
charter,165
compare,165
crown,165
directors,165
dirt,165
edges,165
element,165
gender,165
hubby,165
idk,165
instructions,165
johnny,165
luckily,165
nope,165
olympic,165
pleasant,165
slice,165
sponsor,165
statements,165
universal,165
blown,164
citizen,164
convince,164
crystal,164
designers,164
differences,164
experiment,164
genius,164
laughed,164
nicely,164
prizes,164
prom,164
prospect,164
worship,164
chill,163
contain,163
fairy,163
folk,163
how's,163
jessica,163
knocked,163
mo,163
moore,163
narrative,163
networking,163
pitching,163
ridge,163
ruled,163
salmon,163
shaped,163
threatened,163
accomplished,162
adopted,162
assessment,162
banana,162
billy,162
briefly,162
bucks,162
contributions,162
counting,162
democracy,162
discount,162
dvd,162
fears,162
invest,162
jacket,162
kennedy,162
laying,162
versions,162
anne,161
breathe,161
chick,161
chuck,161
contribute,161
eager,161
endless,161
factory,161
forum,161
fries,161
insane,161
knife,161
lightly,161
ours,161
recommendations,161
requests,161
researchers,161
saints,161
simon,161
sophomore,161
supports,161
ted,161
tested,161
va,161
vegan,161
yeara,161
castle,160
crisp,160
cuyahoga,160
eaten,160
effectively,160
listened,160
makeup,160
privacy,160
representatives,160
ross,160
seemingly,160
spell,160
team's,160
tweeted,160
appreciation,159
dawn,159
employers,159
explanation,159
focusing,159
franklin,159
frustrated,159
guarantee,159
hawaii,159
installed,159
maintenance,159
michelle,159
nashville,159
poem,159
solve,159
topped,159
traveled,159
yum,159
absence,158
beats,158
command,158
complaints,158
edwards,158
encouraging,158
engage,158
executives,158
exit,158
format,158
ireland,158
ish,158
mount,158
one's,158
opera,158
preparation,158
proved,158
ps,158
roman,158
seniors,158
soil,158
southwest,158
tasty,158
touched,158
admission,157
approached,157
cinnamon,157
cited,157
commit,157
cotton,157
couples,157
exam,157
fence,157
files,157
firms,157
fortune,157
genre,157
graphic,157
household,157
improving,157
introduce,157
morris,157
nonprofit,157
resume,157
rounds,157
signature,157
spicy,157
techniques,157
threatening,157
throat,157
accepting,156
america's,156
barbara,156
blanket,156
bow,156
circuit,156
crucial,156
custom,156
differently,156
glue,156
gordon,156
hiding,156
jake,156
lounge,156
northwest,156
partly,156
pennsylvania,156
pg,156
physically,156
purposes,156
rutgers,156
secrets,156
steven,156
syrup,156
balanced,155
boards,155
bones,155
collins,155
dies,155
headquarters,155
hm,155
improvements,155
l a,155
lovers,155
motivation,155
mph,155
obsessed,155
punk,155
refuse,155
rejected,155
runners,155
scientists,155
settlement,155
slight,155
streak,155
stunning,155
vikings,155
z,155
accurate,154
alongside,154
brick,154
buried,154
clay,154
crossing,154
cure,154
desired,154
edward,154
efficient,154
grants,154
hood,154
instant,154
leather,154
magical,154
palm,154
pearl,154
personnel,154
pitcher,154
repeated,154
technique,154
tiger,154
toy,154
verse,154
yr,154
alan,153
auction,153
beliefs,153
chamber,153
comparison,153
complain,153
discovery,153
electricity,153
enemies,153
fascinating,153
follower,153
gather,153
jets,153
landed,153
minority,153
motivated,153
oscar,153
printed,153
profits,153
ranch,153
semester,153
steak,153
traded,153
updated,153
wont,153
aged,152
anxiety,152
bail,152
batter,152
coalition,152
demands,152
earthquake,152
innocent,152
innovation,152
mum,152
nelson,152
photographer,152
photographs,152
possibilities,152
recognition,152
rocky,152
scientific,152
sheets,152
transit,152
wildlife,152
winds,152
casual,151
champions,151
compensation,151
conducted,151
damaged,151
destroy,151
lab,151
latin,151
producers,151
protesters,151
publisher,151
rings,151
stocks,151
tan,151
testimony,151
venue,151
werena,151
attacked,150
attract,150
courses,150
exception,150
fridge,150
god's,150
illness,150
matches,150
muscle,150
networks,150
prep,150
reward,150
sub,150
un,150
assist,149
breathing,149
clever,149
coal,149
coconut,149
exclusive,149
finale,149
flesh,149
highlights,149
infrastructure,149
intellectual,149
mainstream,149
memphis,149
prosecutor,149
rape,149
sausage,149
spare,149
thunder,149
twelve,149
witnesses,149
brad,148
celebrated,148
challenged,148
discipline,148
firefighters,148
guilt,148
hotels,148
marry,148
ownership,148
polls,148
professionals,148
quotes,148
replacement,148
satisfied,148
sooner,148
sponsored,148
treats,148
turner,148
websites,148
aka,147
albums,147
appeals,147
aspects,147
brew,147
cameron,147
churches,147
distribution,147
estimates,147
formula,147
frustration,147
goodbye,147
knees,147
luke,147
monitor,147
newest,147
rear,147
republic,147
scholarship,147
snap,147
spaces,147
tampa,147
vancouver,147
virtually,147
waves,147
wealthy,147
zoo,147
advocates,146
alabama,146
artistic,146
battery,146
beast,146
cape,146
christopher,146
clubs,146
connections,146
dean,146
describes,146
developer,146
exists,146
freaking,146
hunting,146
idol,146
inspire,146
lanes,146
object,146
occur,146
overcome,146
people's,146
producing,146
requested,146
sheriff's,146
sink,146
spice,146
springs,146
wallace,146
wheat,146
apparent,145
attempting,145
blowing,145
bold,145
define,145
drives,145
gods,145
goodnight,145
patience,145
preserve,145
relate,145
resource,145
roster,145
shelf,145
shorts,145
tennis,145
trainer,145
utah,145
wells,145
wherever,145
adventures,144
amid,144
boil,144
championships,144
charlotte,144
cruise,144
deny,144
exposure,144
flip,144
halfway,144
insight,144
lions,144
machines,144
nursing,144
pays,144
pin,144
referring,144
rely,144
revolution,144
roger,144
shoulders,144
slices,144
tebow,144
visible,144
vital,144
acquired,143
actress,143
alot,143
beneath,143
cincinnati,143
faculty,143
instantly,143
muslims,143
nationwide,143
pointing,143
promising,143
refreshing,143
relative,143
scratch,143
sensitive,143
shipping,143
shrimp,143
stable,143
torn,143
uncomfortable,143
viewers,143
wolf,143
alarm,142
bull,142
carries,142
combat,142
coordinator,142
discussions,142
empire,142
funded,142
grandma,142
importantly,142
insisted,142
intent,142
korean,142
longest,142
lowest,142
overwhelming,142
preferred,142
quietly,142
sliced,142
thankfully,142
trailer,142
trenton,142
universities,142
warming,142
wright,142
brandon,141
clouds,141
craig,141
divorce,141
engagement,141
flew,141
generate,141
hadna,141
involve,141
jean,141
knicks,141
korea,141
laden,141
lamb,141
lame,141
lawn,141
loop,141
overtime,141
plates,141
pleaded,141
quarters,141
resist,141
shadows,141
soo,141
squad,141
tragedy,141
twins,141
violations,141
welfare,141
wound,141
yogurt,141
brunch,140
burden,140
competing,140
computers,140
contacted,140
contained,140
counsel,140
disabled,140
divine,140
eu,140
gig,140
ignored,140
laura,140
layers,140
lonely,140
overseas,140
passage,140
planted,140
promotion,140
rental,140
slept,140
submitted,140
tales,140
theft,140
trucks,140
approximately,139
bc,139
bullying,139
cheer,139
consistently,139
creamy,139
eligible,139
emerged,139
extend,139
extension,139
fbi,139
greece,139
happily,139
managers,139
methods,139
notion,139
passenger,139
penn,139
pitched,139
remarkable,139
significantly,139
skirt,139
smells,139
spin,139
stamped,139
teammates,139
tonight's,139
abortion,138
affair,138
antonio,138
backing,138
bang,138
belong,138
champagne,138
clue,138
controversial,138
detective,138
disappointing,138
er,138
fortunate,138
greens,138
habits,138
hugs,138
investigate,138
log,138
marine,138
primarily,138
ratings,138
reads,138
roberts,138
specials,138
stranger,138
struggles,138
toast,138
toll,138
vulnerable,138
yup,138
accompanied,137
alexander,137
barrel,137
caps,137
consequences,137
crush,137
defeated,137
diverse,137
encounter,137
ft,137
goin,137
habit,137
hated,137
jeremy,137
ken,137
lit,137
massachusetts,137
memorable,137
minded,137
patrol,137
rushing,137
semi,137
sentenced,137
subtle,137
timbers,137
trials,137
waking,137
alert,136
bryan,136
buzz,136
calif,136
corners,136
dennis,136
doug,136
eternal,136
grief,136
junk,136
keith,136
lawrence,136
mate,136
maximum,136
men's,136
mentally,136
nail,136
nomination,136
noting,136
operate,136
peoplea,136
practical,136
pretend,136
snack,136
soda,136
spirits,136
sr,136
survival,136
symptoms,136
teenager,136
treasury,136
youngest,136
blessings,135
booked,135
borders,135
boulevard,135
constitutional,135
creatures,135
defined,135
difficulty,135
episodes,135
extent,135
fails,135
fiber,135
flights,135
francis,135
frequent,135
lbs,135
le,135
miracle,135
municipal,135
nails,135
nancy,135
pac,135
peaceful,135
publication,135
reception,135
screening,135
shades,135
shed,135
steam,135
strategic,135
stroke,135
themes,135
accomplish,134
apologize,134
artwork,134
autism,134
blake,134
boom,134
buttons,134
consultant,134
crowds,134
donated,134
eagles,134
engaging,134
enormous,134
frustrating,134
kicking,134
layout,134
lover,134
massage,134
mere,134
occasional,134
polish,134
pr,134
publishers,134
racist,134
risks,134
shell,134
stairs,134
sushi,134
targeted,134
utility,134
aim,133
backs,133
beings,133
brave,133
creations,133
creepy,133
delayed,133
developers,133
dynamic,133
forecast,133
gains,133
hence,133
idiot,133
kindle,133
lean,133
legend,133
liking,133
mixing,133
permission,133
rachel,133
relatives,133
scandal,133
stake,133
tail,133
terry,133
testified,133
todd,133
tsp,133
underground,133
urge,133
vampire,133
abc,132
advocate,132
arguments,132
awarded,132
aww,132
discussing,132
donald,132
emily,132
flood,132
heroes,132
hr,132
hurry,132
intention,132
mea,132
parker,132
pirates,132
reducing,132
restore,132
saint,132
samples,132
statea,132
stirring,132
subjects,132
tasted,132
thoroughly,132
touchdown,132
whites,132
acceptable,131
administrative,131
beautifully,131
bee,131
bobby,131
captured,131
cop,131
deciding,131
defending,131
dip,131
donate,131
exhausted,131
fisher,131
grain,131
grove,131
hmm,131
hopeful,131
indianapolis,131
islands,131
meantime,131
merry,131
pete,131
progressive,131
pumpkin,131
ravens,131
relaxing,131
resistance,131
sang,131
shy,131
slip,131
sore,131
sour,131
staring,131
sticking,131
successfully,131
touches,131
tremendous,131
whoever,131
